{
    "objects": [
        {
            "name": "ship",
            "components": [
                {
                    "type": "texture",
                    "parameters": {
                        "texture": "assets/ship.bmp"
                    }
                },
                {
                    "type": "position",
                    "parameters": {
                        "x": "100",
                        "y": "100",
                        "w": "50",
                        "h": "50",
                        "vx": "0",
                        "vy": "0",
                        "angle": "120"
                    }
                },
                {
                    "type": "movement",
                    "parameters": {
                        "movementType": "ArrowMovement"
                    }
                }
            ]
        },
        {
            "name": "tank",
            "components": [
                {
                    "type": "movement",
                    "parameters": {
                        "movementType": "ScriptTank"
                    }
                },
                {
                    "type": "position",
                    "parameters": {
                        "x": "200",
                        "y": "200",
                        "w": "128",
                        "h": "64",
                        "vx": "0",
                        "vy": "0",
                        "angle": "0"
                    }
                },
                {
                    "type": "textureStack",
                    "parameters": {
                        "textures": [
                            "assets/tank_base.bmp",
                            "assets/tank_gun.bmp"
                        ],
                        "rects": [
                            [
                                0,
                                0,
                                32,
                                16
                            ],
                            [
                                0,
                                0,
                                32,
                                16
                            ]
                        ],
                        "angles": [
                            0,
                            35
                        ]
                    }
                }
            ]
        }
    ]
}