{
    "objects": [
        {
            "components": [
                {
                    "parameters": {
                        "texture": "assets/ship.bmp"
                    },
                    "type": "texture"
                },
                {
                    "parameters": {
                        "angle": "120",
                        "h": "50",
                        "vx": "0",
                        "vy": "0",
                        "w": "50",
                        "x": "100",
                        "y": "100"
                    },
                    "type": "position"
                },
                {
                    "parameters": {
                        "movementType": "ArrowMovement"
                    },
                    "type": "movement"
                }
            ],
            "name": "ship"
        },
        {
            "components": [
                {
                    "parameters": {
                        "angles": [
                            0,
                            35
                        ],
                        "rects": [
                            [
                                0,
                                0,
                                32,
                                16
                            ],
                            [
                                0,
                                0,
                                32,
                                16
                            ]
                        ],
                        "textures": [
                            "assets/tank_base.bmp",
                            "assets/tank_gun.bmp"
                        ]
                    },
                    "type": "textureStack"
                },
                {
                    "parameters": {
                        "angle": "0",
                        "h": "64",
                        "vx": "0",
                        "vy": "0",
                        "w": "128",
                        "x": "200",
                        "y": "200"
                    },
                    "type": "position"
                },
                {
                    "parameters": {
                        "movementType": "ScriptTank"
                    },
                    "type": "movement"
                }
            ],
            "name": "tank"
        }
    ]
}